<?xml version="1.0" encoding="UTF-8"?>
<project-private xmlns="http://www.netbeans.org/ns/project-private/1">
    <editor-bookmarks xmlns="http://www.netbeans.org/ns/editor-bookmarks/2" lastBookmarkId="0"/>
    <open-files xmlns="http://www.netbeans.org/ns/projectui-open-files/2">
        <group>
            <file>file:/D:/SU23_BL2_PD_MOB1014/SU23_PD_MOB1014_Buoi1/src/Bai1.java</file>
            <file>file:/D:/SU23_BL2_PD_MOB1014/SU23_PD_MOB1014_Buoi1/src/CayLua.java</file>
            <file>file:/D:/SU23_BL2_PD_MOB1014/SU23_PD_MOB1014_Buoi1/src/Bai2.java</file>
            <file>file:/D:/SU23_BL2_PD_MOB1014/SU23_PD_MOB1014_Buoi1/src/Main.java</file>
            <file>file:/D:/SU23_BL2_PD_MOB1014/SU23_PD_MOB1014_Buoi1/src/Bai3.java</file>
        </group>
    </open-files>
</project-private>
